"date","segment","forecast_net_sales_eur","vehicle_production_de","bev_share","month"
2026-09-01,"Powertrain Mounts",259531.491326412,413929,0.34103620463714,2026-09-01
2026-09-02,"Powertrain Mounts",267321.523270293,413929,0.34103620463714,2026-09-01
2026-09-03,"Powertrain Mounts",260229.871013759,413929,0.34103620463714,2026-09-01
2026-09-04,"Powertrain Mounts",244176.179063545,413929,0.34103620463714,2026-09-01
2026-09-05,"Powertrain Mounts",82573.9183378181,413929,0.34103620463714,2026-09-01
2026-09-06,"Powertrain Mounts",56314.1586992941,413929,0.34103620463714,2026-09-01
2026-09-07,"Powertrain Mounts",252349.827514155,413929,0.34103620463714,2026-09-01
2026-09-08,"Powertrain Mounts",267896.159799228,413929,0.34103620463714,2026-09-01
2026-09-09,"Powertrain Mounts",267321.523270293,413929,0.34103620463714,2026-09-01
2026-09-10,"Powertrain Mounts",260229.871013759,413929,0.34103620463714,2026-09-01
2026-09-11,"Powertrain Mounts",244176.179063545,413929,0.34103620463714,2026-09-01
2026-09-12,"Powertrain Mounts",82573.9183378181,413929,0.34103620463714,2026-09-01
2026-09-13,"Powertrain Mounts",56314.1586992941,413929,0.34103620463714,2026-09-01
2026-09-14,"Powertrain Mounts",252349.827514155,413929,0.34103620463714,2026-09-01
2026-09-15,"Powertrain Mounts",267896.159799228,413929,0.34103620463714,2026-09-01
2026-09-16,"Powertrain Mounts",267321.523270293,413929,0.34103620463714,2026-09-01
2026-09-17,"Powertrain Mounts",260229.871013759,413929,0.34103620463714,2026-09-01
2026-09-18,"Powertrain Mounts",244176.179063545,413929,0.34103620463714,2026-09-01
2026-09-19,"Powertrain Mounts",82573.9183378181,413929,0.34103620463714,2026-09-01
2026-09-20,"Powertrain Mounts",56314.1586992941,413929,0.34103620463714,2026-09-01
2026-09-21,"Powertrain Mounts",252349.827514155,413929,0.34103620463714,2026-09-01
2026-09-22,"Powertrain Mounts",267896.159799228,413929,0.34103620463714,2026-09-01
2026-09-23,"Powertrain Mounts",267321.523270293,413929,0.34103620463714,2026-09-01
2026-09-24,"Powertrain Mounts",260229.871013759,413929,0.34103620463714,2026-09-01
2026-09-25,"Powertrain Mounts",244176.179063545,413929,0.34103620463714,2026-09-01
2026-09-26,"Powertrain Mounts",82573.9183378181,413929,0.34103620463714,2026-09-01
2026-09-27,"Powertrain Mounts",56314.1586992941,413929,0.34103620463714,2026-09-01
2026-09-28,"Powertrain Mounts",252349.827514155,413929,0.34103620463714,2026-09-01
2026-09-29,"Powertrain Mounts",267896.159799228,413929,0.34103620463714,2026-09-01
2026-09-30,"Powertrain Mounts",267321.523270293,413929,0.34103620463714,2026-09-01
2026-10-01,"Powertrain Mounts",246967.750115098,369965,0.358193837740505,2026-10-01
2026-10-02,"Powertrain Mounts",231732.200926671,369965,0.358193837740505,2026-10-01
2026-10-03,"Powertrain Mounts",78365.6607013314,369965,0.358193837740505,2026-10-01
2026-10-04,"Powertrain Mounts",53444.1746724648,369965,0.358193837740505,2026-10-01
2026-10-05,"Powertrain Mounts",239489.296515921,369965,0.358193837740505,2026-10-01
2026-10-06,"Powertrain Mounts",254243.342561117,369965,0.358193837740505,2026-10-01
2026-10-07,"Powertrain Mounts",253697.991178444,369965,0.358193837740505,2026-10-01
2026-10-08,"Powertrain Mounts",246967.750115098,369965,0.358193837740505,2026-10-01
2026-10-09,"Powertrain Mounts",231732.200926671,369965,0.358193837740505,2026-10-01
2026-10-10,"Powertrain Mounts",69027.0884277449,369965,0.358193837740505,2026-10-01
2026-10-11,"Powertrain Mounts",53444.1746724648,369965,0.358193837740505,2026-10-01
2026-10-12,"Powertrain Mounts",210950.407365594,369965,0.358193837740505,2026-10-01
2026-10-13,"Powertrain Mounts",223946.28579094,369965,0.358193837740505,2026-10-01
2026-10-14,"Powertrain Mounts",223465.921269465,369965,0.358193837740505,2026-10-01
2026-10-15,"Powertrain Mounts",217537.690168343,369965,0.358193837740505,2026-10-01
2026-10-16,"Powertrain Mounts",204117.686978057,369965,0.358193837740505,2026-10-01
2026-10-17,"Powertrain Mounts",60801.3482096337,369965,0.358193837740505,2026-10-01
2026-10-18,"Powertrain Mounts",53444.1746724648,369965,0.358193837740505,2026-10-01
2026-10-19,"Powertrain Mounts",185812.358273438,369965,0.358193837740505,2026-10-01
2026-10-20,"Powertrain Mounts",197259.58132866,369965,0.358193837740505,2026-10-01
2026-10-21,"Powertrain Mounts",196836.45950148,369965,0.358193837740505,2026-10-01
2026-10-22,"Powertrain Mounts",191614.666751781,369965,0.358193837740505,2026-10-01
2026-10-23,"Powertrain Mounts",179793.859808759,369965,0.358193837740505,2026-10-01
2026-10-24,"Powertrain Mounts",60801.3482096337,369965,0.358193837740505,2026-10-01
2026-10-25,"Powertrain Mounts",53444.1746724648,369965,0.358193837740505,2026-10-01
2026-10-26,"Powertrain Mounts",210950.407365594,369965,0.358193837740505,2026-10-01
2026-10-27,"Powertrain Mounts",223946.28579094,369965,0.358193837740505,2026-10-01
2026-10-28,"Powertrain Mounts",223465.921269465,369965,0.358193837740505,2026-10-01
2026-10-29,"Powertrain Mounts",217537.690168343,369965,0.358193837740505,2026-10-01
2026-10-30,"Powertrain Mounts",204117.686978057,369965,0.358193837740505,2026-10-01
2026-10-31,"Powertrain Mounts",73548.3085261756,369965,0.358193837740505,2026-10-01
2026-11-01,"Powertrain Mounts",56038.569680663,433069,0.375727052934861,2026-11-01
2026-11-02,"Powertrain Mounts",251114.900391305,433069,0.375727052934861,2026-11-01
2026-11-03,"Powertrain Mounts",266585.153720787,433069,0.375727052934861,2026-11-01
2026-11-04,"Powertrain Mounts",266013.329285802,433069,0.375727052934861,2026-11-01
2026-11-05,"Powertrain Mounts",258956.38138829,433069,0.375727052934861,2026-11-01
2026-11-06,"Powertrain Mounts",242981.251255393,433069,0.375727052934861,2026-11-01
2026-11-07,"Powertrain Mounts",82169.8221542349,433069,0.375727052934861,2026-11-01
2026-11-08,"Powertrain Mounts",56038.569680663,433069,0.375727052934861,2026-11-01
2026-11-09,"Powertrain Mounts",251114.900391305,433069,0.375727052934861,2026-11-01
2026-11-10,"Powertrain Mounts",266585.153720787,433069,0.375727052934861,2026-11-01
2026-11-11,"Powertrain Mounts",266013.329285802,433069,0.375727052934861,2026-11-01
2026-11-12,"Powertrain Mounts",258956.38138829,433069,0.375727052934861,2026-11-01
2026-11-13,"Powertrain Mounts",242981.251255393,433069,0.375727052934861,2026-11-01
2026-11-14,"Powertrain Mounts",82169.8221542349,433069,0.375727052934861,2026-11-01
2026-11-15,"Powertrain Mounts",56038.569680663,433069,0.375727052934861,2026-11-01
2026-11-16,"Powertrain Mounts",251114.900391305,433069,0.375727052934861,2026-11-01
2026-11-17,"Powertrain Mounts",266585.153720787,433069,0.375727052934861,2026-11-01
2026-11-18,"Powertrain Mounts",266013.329285802,433069,0.375727052934861,2026-11-01
2026-11-19,"Powertrain Mounts",258956.38138829,433069,0.375727052934861,2026-11-01
2026-11-20,"Powertrain Mounts",242981.251255393,433069,0.375727052934861,2026-11-01
2026-11-21,"Powertrain Mounts",82169.8221542349,433069,0.375727052934861,2026-11-01
2026-11-22,"Powertrain Mounts",56038.569680663,433069,0.375727052934861,2026-11-01
2026-11-23,"Powertrain Mounts",251114.900391305,433069,0.375727052934861,2026-11-01
2026-11-24,"Powertrain Mounts",266585.153720787,433069,0.375727052934861,2026-11-01
2026-11-25,"Powertrain Mounts",266013.329285802,433069,0.375727052934861,2026-11-01
2026-11-26,"Powertrain Mounts",258956.38138829,433069,0.375727052934861,2026-11-01
2026-11-27,"Powertrain Mounts",242981.251255393,433069,0.375727052934861,2026-11-01
2026-11-28,"Powertrain Mounts",82169.8221542349,433069,0.375727052934861,2026-11-01
2026-11-29,"Powertrain Mounts",56038.569680663,433069,0.375727052934861,2026-11-01
2026-11-30,"Powertrain Mounts",251114.900391305,433069,0.375727052934861,2026-11-01
2026-12-01,"Powertrain Mounts",227174.489033247,289797,0.393592805433241,2026-12-01
2026-12-02,"Powertrain Mounts",226687.200050509,289797,0.393592805433241,2026-12-01
2026-12-03,"Powertrain Mounts",220673.513415535,289797,0.393592805433241,2026-12-01
2026-12-04,"Powertrain Mounts",207060.060692437,289797,0.393592805433241,2026-12-01
2026-12-05,"Powertrain Mounts",70022.1292833898,289797,0.393592805433241,2026-12-01
2026-12-06,"Powertrain Mounts",47753.9807810016,289797,0.393592805433241,2026-12-01
2026-12-07,"Powertrain Mounts",213991.274839481,289797,0.393592805433241,2026-12-01
2026-12-08,"Powertrain Mounts",227174.489033247,289797,0.393592805433241,2026-12-01
2026-12-09,"Powertrain Mounts",226687.200050509,289797,0.393592805433241,2026-12-01
2026-12-10,"Powertrain Mounts",220673.513415535,289797,0.393592805433241,2026-12-01
2026-12-11,"Powertrain Mounts",207060.060692437,289797,0.393592805433241,2026-12-01
2026-12-12,"Powertrain Mounts",70022.1292833898,289797,0.393592805433241,2026-12-01
2026-12-13,"Powertrain Mounts",47753.9807810016,289797,0.393592805433241,2026-12-01
2026-12-14,"Powertrain Mounts",213991.274839481,289797,0.393592805433241,2026-12-01
2026-12-15,"Powertrain Mounts",227174.489033247,289797,0.393592805433241,2026-12-01
2026-12-16,"Powertrain Mounts",226687.200050509,289797,0.393592805433241,2026-12-01
2026-12-17,"Powertrain Mounts",220673.513415535,289797,0.393592805433241,2026-12-01
2026-12-18,"Powertrain Mounts",207060.060692437,289797,0.393592805433241,2026-12-01
2026-12-19,"Powertrain Mounts",67835.7669407517,289797,0.393592805433241,2026-12-01
2026-12-20,"Powertrain Mounts",27923.8362389312,289797,0.393592805433241,2026-12-01
2026-12-21,"Powertrain Mounts",121224.415741733,289797,0.393592805433241,2026-12-01
2026-12-22,"Powertrain Mounts",128692.632165201,289797,0.393592805433241,2026-12-01
2026-12-23,"Powertrain Mounts",61520.4832235636,289797,0.393592805433241,2026-12-01
2026-12-24,"Powertrain Mounts",100117.226718302,289797,0.393592805433241,2026-12-01
2026-12-25,"Powertrain Mounts",121078.437510653,289797,0.393592805433241,2026-12-01
2026-12-26,"Powertrain Mounts",40945.1879409672,289797,0.393592805433241,2026-12-01
2026-12-27,"Powertrain Mounts",27923.8362389312,289797,0.393592805433241,2026-12-01
2026-12-28,"Powertrain Mounts",97085.5495826493,289797,0.393592805433241,2026-12-01
2026-12-29,"Powertrain Mounts",103066.666328297,289797,0.393592805433241,2026-12-01
2026-12-30,"Powertrain Mounts",102845.587291593,289797,0.393592805433241,2026-12-01
2026-12-31,"Powertrain Mounts",59888.413617193,289797,0.393592805433241,2026-12-01
